technique,kind,drive_exact,mae_db,top_arm_share,drive_exact_sem_bigmuff,mae_db_sem_bigmuff,verdicts,steps
B0_marginal,baseline,0.21,8.15,0.646,,,,
B1_poc1_regressor,baseline,0.317,4.36,,,,,
chance,baseline,0.125,,,,,,
paired_content_ceiling,baseline,0.696,2.67,,,,,
beta_vae,control,0.3271428571428571,5.203281385742342,0.2629,0.35624999999999996,4.492789080233797,6/7,4000.0
contrastive,learned,0.4273214285714286,3.9738371548182894,0.1762,0.46479166666666655,3.284545673523414,6/6,4000.0
contrastive_aux,learned,0.4398214285714286,3.8278690154939867,0.1955,0.4752083333333333,3.26772299409973,6/6,4000.0
full,learned,0.39839285714285716,4.2313901034062695,0.1932,0.4320833333333334,3.546598646502103,6/6,4000.0
grl,learned,0.4367857142857143,3.816235690234717,0.197,0.474375,3.2608017980864807,6/6,4000.0
random_encoder,learned,0.3082142857142857,5.630936108284328,0.2034,0.3335416666666667,4.911175569873449,3/5,0.0
