technique,factor,esperado_em,massa_z_e,massa_nula,dim_z_e,dim_z_c,separacao_por_bloco,completude,informatividade,acaso,mig,desemaranhamento
random_encoder,drive_level,z_e,0.36269025884827233,0.3333333333333333,32,64,0.05510632909285218,0.013405278213792893,0.6132142857142857,0.125,0.03475965035961231,0.026985058896064656
random_encoder,tone_level,z_e,0.3262658111612034,0.3333333333333333,32,64,0.08893441075847586,0.008704170100547026,0.7882142857142858,0.2,0.00838073804133835,0.026985058896064656
random_encoder,arm,z_c,0.36564442888855375,0.3333333333333333,32,64,0.052731033941829764,0.00418954009758199,0.30464285714285716,0.14285714285714285,0.013228135385209967,0.026985058896064656
random_encoder,content_id,z_c,0.4195517089889169,0.3333333333333333,32,64,0.018755452914914095,0.025164682863848098,0.9596428571428571,0.05,0.004015436738637968,0.026985058896064656
contrastive,drive_level,z_e,0.4296293613365872,0.3333333333333333,32,64,0.014336078191335533,0.01820509399205872,0.7007142857142857,0.125,0.014964190783071398,0.03361679681407473
contrastive,tone_level,z_e,0.3651560479735175,0.3333333333333333,32,64,0.05311996559504828,0.0153361126290259,0.8242857142857143,0.2,0.012483704987961457,0.03361679681407473
contrastive,arm,z_c,0.2706869996723183,0.3333333333333333,32,64,0.1575512888950794,0.004886202465589573,0.2875,0.14285714285714285,0.004767490625504679,0.03361679681407473
contrastive,content_id,z_c,0.20375853351783696,0.3333333333333333,32,64,0.27061823042805555,0.015692308880380423,0.8603571428571428,0.05,0.0011748950042277688,0.03361679681407473
contrastive_aux,drive_level,z_e,0.4384130464815922,0.3333333333333333,32,64,0.010971991597746977,0.023268169932156635,0.6907142857142857,0.125,0.04685278910139123,0.04320489658341324
contrastive_aux,tone_level,z_e,0.4122340856647189,0.3333333333333333,32,64,0.02234130828812053,0.0223220232811685,0.8267857142857142,0.2,0.00889068842708598,0.04320489658341324
contrastive_aux,arm,z_c,0.26364051597595894,0.3333333333333333,32,64,0.16780957961017995,0.0048928104009093865,0.2885714285714286,0.14285714285714285,0.00040466872990758225,0.04320489658341324
contrastive_aux,content_id,z_c,0.20448982900271628,0.3333333333333333,32,64,0.2691826264812611,0.01457921033306453,0.8596428571428572,0.05,0.0014076449532404753,0.04320489658341324
grl,drive_level,z_e,0.44694005023843386,0.3333333333333333,32,64,0.008138722790107411,0.029601575212129916,0.7053571428571429,0.125,0.004742675300149425,0.04805689034064071
grl,tone_level,z_e,0.3821699792385445,0.3333333333333333,32,64,0.04043979576715706,0.021365195292690764,0.825,0.2,0.022760902796242332,0.04805689034064071
grl,arm,z_c,0.24965889297973762,0.3333333333333333,32,64,0.1892629651481169,0.006247862123162307,0.29892857142857143,0.14285714285714285,0.0030246262969722965,0.04805689034064071
grl,content_id,z_c,0.19916554540361048,0.3333333333333333,32,64,0.27974395686681086,0.01517981225439835,0.8671428571428571,0.05,0.013757452019617504,0.04805689034064071
full,drive_level,z_e,0.4390029545886538,0.3333333333333333,32,64,0.010762284857162019,0.016937015140563783,0.6567857142857143,0.125,0.015069983965213689,0.05661774893731165
full,tone_level,z_e,0.4536975040521502,0.3333333333333333,32,64,0.006194920837143902,0.02344358051615969,0.8214285714285714,0.2,0.038348031436860996,0.05661774893731165
full,arm,z_c,0.3045238176874762,0.3333333333333333,32,64,0.11324931717795717,0.005862426542912247,0.2882142857142857,0.14285714285714285,0.0017438373243860708,0.05661774893731165
full,content_id,z_c,0.14207386809885952,0.3333333333333333,32,64,0.41035557706124814,0.051995384730262995,0.9510714285714286,0.05,0.05113381139771374,0.05661774893731165
beta_vae,drive_level,z_e,0.404457006536106,0.3333333333333333,32,64,0.026501857150119212,0.00894311027317407,0.47285714285714286,0.125,0.008974946823437316,0.009542260553316455
beta_vae,tone_level,z_e,0.4195012915269558,0.3333333333333333,32,64,0.018779071895670296,0.007258826132253482,0.5314285714285715,0.2,0.004097128266448907,0.009542260553316455
beta_vae,arm,z_c,0.4184820435726017,0.3333333333333333,32,64,0.01925978742344492,0.00720006643379445,0.31892857142857145,0.14285714285714285,0.003928299349613363,0.009542260553316455
beta_vae,content_id,z_c,0.39872958989911145,0.3333333333333333,32,64,0.029797400420298548,0.010846747565819492,0.6082142857142857,0.05,0.00045191602087947107,0.009542260553316455
