tecnica,grade,niveis,acerto,acaso,acima_do_acaso,mae_db
contrastive_aux,"8 niveis (4,15 dB por passo)",8,0.4405357142857143,0.125,0.36061224489795923,3.824136473783093
contrastive_aux,"4 niveis pares (8,3 dB)",4,0.6560714285714285,0.25,0.5414285714285714,3.532708857413319
contrastive_aux,"4 niveis impares (8,3 dB)",4,0.7328571428571429,0.25,0.6438095238095238,2.639832807883618
contrastive_aux,"3 niveis (12,5 dB)",3,0.8066666666666666,0.3333333333333333,0.71,2.616707784867533
contrastive_aux,"2 niveis (24,9 dB)",2,0.985,0.5,0.97,0.455065445382436
random_encoder,"8 niveis (4,15 dB por passo)",8,0.3080357142857143,0.125,0.20918367346938777,5.636059221770269
random_encoder,"4 niveis pares (8,3 dB)",4,0.5253571428571429,0.25,0.36714285714285716,5.365141122564919
random_encoder,"4 niveis impares (8,3 dB)",4,0.6042857142857143,0.25,0.4723809523809524,4.308920564174263
random_encoder,"3 niveis (12,5 dB)",3,0.6885714285714286,0.3333333333333333,0.5328571428571429,4.586907834187994
random_encoder,"2 niveis (24,9 dB)",2,0.9321428571428572,0.5,0.8642857142857143,1.9891338650413783
