query_arm,catalog_arm,niveis_movidos,desvio_medio,casamento
byod-bigmuff,byod-mxr,7,2.0,"[4, 4, 5, 5, 6, 6, 7, 7]"
byod-bigmuff,lsp-arctan,7,2.0,"[4, 4, 5, 5, 6, 6, 7, 7]"
byod-bigmuff,lsp-hardclip,7,2.75,"[5, 5, 6, 6, 7, 7, 7, 7]"
byod-bigmuff,lsp-sine,7,2.0,"[4, 4, 5, 5, 6, 6, 7, 7]"
byod-bigmuff,lsp-tanh,7,2.0,"[4, 4, 5, 5, 6, 6, 7, 7]"
byod-bigmuff,pedalboard-tanh,7,1.625,"[3, 4, 4, 5, 5, 6, 7, 7]"
byod-mxr,byod-bigmuff,7,-1.625,"[0, 0, 0, 0, 1, 3, 5, 6]"
byod-mxr,lsp-arctan,1,0.125,"[1, 1, 2, 3, 4, 5, 6, 7]"
byod-mxr,lsp-hardclip,6,1.0,"[0, 2, 3, 5, 6, 6, 7, 7]"
byod-mxr,lsp-sine,1,0.125,"[1, 1, 2, 3, 4, 5, 6, 7]"
byod-mxr,lsp-tanh,1,0.125,"[1, 1, 2, 3, 4, 5, 6, 7]"
byod-mxr,pedalboard-tanh,0,0.0,"[0, 1, 2, 3, 4, 5, 6, 7]"
lsp-arctan,byod-bigmuff,7,-1.625,"[0, 0, 0, 0, 1, 3, 5, 6]"
lsp-arctan,byod-mxr,2,-0.25,"[0, 0, 1, 3, 4, 5, 6, 7]"
lsp-arctan,lsp-hardclip,6,0.75,"[0, 0, 3, 5, 6, 6, 7, 7]"
lsp-arctan,lsp-sine,0,0.0,"[0, 1, 2, 3, 4, 5, 6, 7]"
lsp-arctan,lsp-tanh,0,0.0,"[0, 1, 2, 3, 4, 5, 6, 7]"
lsp-arctan,pedalboard-tanh,2,-0.25,"[0, 0, 1, 3, 4, 5, 6, 7]"
lsp-hardclip,byod-bigmuff,7,-2.625,"[0, 0, 0, 0, 0, 0, 2, 5]"
lsp-hardclip,byod-mxr,7,-1.5,"[0, 0, 0, 1, 2, 3, 4, 6]"
lsp-hardclip,lsp-arctan,6,-1.25,"[0, 1, 1, 1, 2, 3, 4, 6]"
lsp-hardclip,lsp-sine,7,-1.25,"[0, 0, 1, 1, 2, 3, 5, 6]"
lsp-hardclip,lsp-tanh,7,-1.375,"[0, 0, 1, 1, 2, 3, 4, 6]"
lsp-hardclip,pedalboard-tanh,7,-1.5,"[0, 0, 0, 1, 2, 3, 4, 6]"
lsp-sine,byod-bigmuff,7,-2.0,"[0, 0, 0, 0, 0, 2, 4, 6]"
lsp-sine,byod-mxr,2,-0.25,"[0, 0, 1, 3, 4, 5, 6, 7]"
lsp-sine,lsp-arctan,1,-0.125,"[0, 1, 2, 3, 4, 4, 6, 7]"
lsp-sine,lsp-hardclip,6,0.5,"[0, 0, 3, 4, 5, 6, 7, 7]"
lsp-sine,lsp-tanh,0,0.0,"[0, 1, 2, 3, 4, 5, 6, 7]"
lsp-sine,pedalboard-tanh,3,-0.375,"[0, 1, 2, 2, 3, 4, 6, 7]"
lsp-tanh,byod-bigmuff,7,-1.625,"[0, 0, 0, 0, 1, 3, 5, 6]"
lsp-tanh,byod-mxr,1,-0.125,"[0, 0, 2, 3, 4, 5, 6, 7]"
lsp-tanh,lsp-arctan,0,0.0,"[0, 1, 2, 3, 4, 5, 6, 7]"
lsp-tanh,lsp-hardclip,6,0.75,"[0, 0, 3, 5, 6, 6, 7, 7]"
lsp-tanh,lsp-sine,0,0.0,"[0, 1, 2, 3, 4, 5, 6, 7]"
lsp-tanh,pedalboard-tanh,1,-0.125,"[0, 0, 2, 3, 4, 5, 6, 7]"
pedalboard-tanh,byod-bigmuff,7,-1.625,"[0, 0, 0, 0, 1, 3, 5, 6]"
pedalboard-tanh,byod-mxr,1,-0.125,"[0, 0, 2, 3, 4, 5, 6, 7]"
pedalboard-tanh,lsp-arctan,0,0.0,"[0, 1, 2, 3, 4, 5, 6, 7]"
pedalboard-tanh,lsp-hardclip,6,0.75,"[0, 0, 3, 5, 6, 6, 7, 7]"
pedalboard-tanh,lsp-sine,1,0.125,"[0, 1, 2, 3, 5, 5, 6, 7]"
pedalboard-tanh,lsp-tanh,0,0.0,"[0, 1, 2, 3, 4, 5, 6, 7]"
