technique,metrica,dim,drive_exact,tone_exact,mae_db
contrastive_aux,z_e (a busca do trabalho),32,0.4398214285714286,0.4467857142857143,3.8278690154939863
contrastive_aux,z_c sozinho,64,0.4260714285714285,0.4421428571428571,4.144677007059849
contrastive_aux,z_e + z_c,96,0.4275,0.4421428571428571,4.134412938102848
contrastive_aux,z_e no subespaco de tone_level (4-d),4,0.1646428571428571,0.4417857142857143,9.89516561840714
contrastive_aux,z_e SEM o subespaco de tone_level,32,0.4376785714285714,0.4482142857142857,3.844640512791568
contrastive_aux,z_e em 4 direcoes ao acaso (semente 0),4,0.4,0.3889285714285714,4.13950747627487
contrastive_aux,z_e em 4 direcoes ao acaso (semente 1),4,0.31375,0.3555357142857143,5.99657136555495
contrastive_aux,z_e em 4 direcoes ao acaso (semente 2),4,0.3691071428571428,0.3766071428571428,4.361105994500532
contrastive_aux,z_e em 4 direcoes ao acaso (semente 3),4,0.37625,0.3958928571428571,4.457509699543382
contrastive_aux,z_e em 4 direcoes ao acaso (semente 4),4,0.4071428571428571,0.40375,4.05157213744683
contrastive_aux,z_e no subespaco de drive_level (7-d),7,0.4151785714285714,0.2866071428571428,3.788096164184057
contrastive_aux,z_e SEM o subespaco de drive_level,32,0.4378571428571428,0.4451785714285714,3.852343136858982
contrastive_aux,z_e em 7 direcoes ao acaso (semente 0),7,0.4141071428571428,0.4157142857142857,4.069495821755055
contrastive_aux,z_e em 7 direcoes ao acaso (semente 1),7,0.4330357142857143,0.4160714285714286,3.749022452541952
contrastive_aux,z_e em 7 direcoes ao acaso (semente 2),7,0.4335714285714285,0.40875,3.882286994136776
contrastive_aux,z_e em 7 direcoes ao acaso (semente 3),7,0.4091071428571428,0.4205357142857143,4.021713028705346
contrastive_aux,z_e em 7 direcoes ao acaso (semente 4),7,0.4248214285714285,0.4241071428571428,3.912929637573633
grl,z_e (a busca do trabalho),32,0.4367857142857143,0.4344642857142857,3.816235690234717
grl,z_c sozinho,64,0.4233928571428571,0.43785714285714283,4.178737036753291
grl,z_e + z_c,96,0.4228571428571429,0.43785714285714283,4.177039117334022
grl,z_e no subespaco de tone_level (4-d),4,0.1455357142857143,0.4228571428571429,9.766730092615928
grl,z_e SEM o subespaco de tone_level,32,0.4357142857142857,0.4344642857142857,3.824289295406082
grl,z_e em 4 direcoes ao acaso (semente 0),4,0.38767857142857143,0.4117857142857143,4.147959788035043
grl,z_e em 4 direcoes ao acaso (semente 1),4,0.34267857142857144,0.375,4.976428231849334
grl,z_e em 4 direcoes ao acaso (semente 2),4,0.39803571428571427,0.40875,4.113441030088092
grl,z_e em 4 direcoes ao acaso (semente 3),4,0.41232142857142856,0.4155357142857143,3.9604283480099665
grl,z_e em 4 direcoes ao acaso (semente 4),4,0.41410714285714284,0.3967857142857143,3.8994297425016753
grl,z_e no subespaco de drive_level (7-d),7,0.43589285714285714,0.3003571428571429,3.639727914812146
grl,z_e SEM o subespaco de drive_level,32,0.4317857142857143,0.43535714285714283,3.854485824084032
grl,z_e em 7 direcoes ao acaso (semente 0),7,0.42607142857142855,0.41375,3.87319772366446
grl,z_e em 7 direcoes ao acaso (semente 1),7,0.4114285714285714,0.41767857142857145,3.8909765725436305
grl,z_e em 7 direcoes ao acaso (semente 2),7,0.4228571428571429,0.4233928571428571,3.7689821219359816
grl,z_e em 7 direcoes ao acaso (semente 3),7,0.41678571428571426,0.4275,3.9418409430628163
grl,z_e em 7 direcoes ao acaso (semente 4),7,0.45089285714285715,0.44589285714285715,3.757220879955078
