arm_retirado,condicao,drive_exact,mae_db,within_one,n
byod-bigmuff,transferencia,0.13875,11.18083259953855,0.305,800
byod-bigmuff,vistos,0.5333333333333333,2.4441995071103535,0.9002083333333334,4800
byod-mxr,transferencia,0.33,4.701558727068432,0.7325,800
byod-mxr,vistos,0.43354166666666666,3.6784559325445425,0.8025,4800
lsp-arctan,transferencia,0.495,2.968208730382638,0.86625,800
lsp-arctan,vistos,0.415,4.155837412871303,0.7722916666666667,4800
lsp-hardclip,transferencia,0.35625,4.564881193146229,0.72375,800
lsp-hardclip,vistos,0.48291666666666666,3.5085210146139025,0.8204166666666667,4800
lsp-sine,transferencia,0.55375,2.6055571351067304,0.8875,800
lsp-sine,vistos,0.42916666666666664,4.1285307024583195,0.765625,4800
lsp-tanh,transferencia,0.53125,2.768145534614774,0.865,800
lsp-tanh,vistos,0.39520833333333333,4.324290813857751,0.7495833333333334,4800
pedalboard-tanh,transferencia,0.4925,2.9883539283135376,0.85875,800
pedalboard-tanh,vistos,0.42333333333333334,3.9491867348342233,0.795,4800
