chain_key,parameter,mae,mse,mae_sem,mse_sem,global_mae,global_mse
chorus,chorus_depth,0.10288138404938374,0.021190489352869265,0.0015388044762441582,0.0007307148973476831,0.07314251363277435,0.012866671197116375
chorus,chorus_rate_hz,0.04340364593896382,0.004542851321394143,0.0007704892483085961,0.00022454975362785998,0.07314251363277435,0.012866671197116375
chorus__slapback_delay,chorus_depth,0.16780185439391257,0.04817780973519946,0.0021141961292333515,0.0011862213460375282,0.1052679717540741,0.025448568165302277
chorus__slapback_delay,chorus_rate_hz,0.08698025881196908,0.014245853556394643,0.0012212570004605152,0.00043402929321404994,0.1052679717540741,0.025448568165302277
chorus__slapback_delay,slapback_delay_delay_seconds,0.08814499003832939,0.02519890443974748,0.0019726509834253714,0.0011109238144013727,0.1052679717540741,0.025448568165302277
chorus__slapback_delay,slapback_delay_mix,0.07814480151376416,0.014171699784372879,0.0013418812109720227,0.0006425940477010162,0.1052679717540741,0.025448568165302277
distortion,distortion_drive_db,0.0364464020855881,0.002859114105986364,0.0005846083181833946,0.00024013191110690396,0.03644639998674393,0.0028591144364327192
distortion__chorus,chorus_depth,0.11765871628460169,0.027085352442483834,0.0017194226176665262,0.0008567573734296778,0.07721524685621262,0.013349981978535652
distortion__chorus,chorus_rate_hz,0.053357570947592387,0.006685154665582836,0.0009256972762370798,0.00028863275772676706,0.07721524685621262,0.013349981978535652
distortion__chorus,distortion_drive_db,0.060629472073056995,0.006279438799752147,0.0007624102970296685,0.00015863041293175716,0.07721524685621262,0.013349981978535652
distortion__chorus__slapback_delay,chorus_depth,0.16665762125610561,0.04579478965923907,0.002005797966542094,0.0010905302756192723,0.10478029400110245,0.02310904860496521
distortion__chorus__slapback_delay,chorus_rate_hz,0.09057363137717565,0.014564565074679745,0.0011917126924257005,0.0003997883849701646,0.10478029400110245,0.02310904860496521
distortion__chorus__slapback_delay,distortion_drive_db,0.07310870198074164,0.008566936748723655,0.0008481563267413458,0.0001932857712982131,0.10478029400110245,0.02310904860496521
distortion__chorus__slapback_delay,slapback_delay_delay_seconds,0.10534551456257597,0.02956276416238601,0.002030416549632533,0.0010597460477603693,0.10478029400110245,0.02310904860496521
distortion__chorus__slapback_delay,slapback_delay_mix,0.08821600354629676,0.01705619859998441,0.001438951588519326,0.0006605205528275237,0.10478029400110245,0.02310904860496521
feedback_delay,feedback_delay_delay_seconds,0.06746565414068754,0.019547628705662408,0.0018297737399750997,0.001027877120540196,0.0872206911444664,0.02143733575940132
feedback_delay,feedback_delay_feedback,0.1318506023455159,0.03644421726051737,0.0020628458181140346,0.0010916265292595924,0.0872206911444664,0.02143733575940132
feedback_delay,feedback_delay_mix,0.062345808701047646,0.008320162078309342,0.0009948698745884475,0.0003463194893106111,0.0872206911444664,0.02143733575940132
flanger,flanger_centre_delay_ms,0.09134020916521227,0.014535206092508269,0.0011757933085706298,0.00039168300554561115,0.09312661737203598,0.018203482031822205
flanger,flanger_depth,0.09806620671226988,0.01964462982467786,0.0014962667635392746,0.0006749595956988745,0.09312661737203598,0.018203482031822205
flanger,flanger_feedback,0.12508609089630096,0.026868403622809834,0.001582858719274226,0.0006930771403819406,0.09312661737203598,0.018203482031822205
flanger,flanger_rate_hz,0.05801394862034743,0.011765683660706856,0.0013694645769595122,0.0006671571053559345,0.09312661737203598,0.018203482031822205
phaser,phaser_depth,0.051160308277019236,0.007346023387390867,0.0010274906566138287,0.0004531401752402753,0.0475432462990284,0.006962422281503677
phaser,phaser_rate_hz,0.04392618366234728,0.006578821518131866,0.0010188348925553974,0.0003948588485594187,0.0475432462990284,0.006962422281503677
reverb,reverb_room_size,0.05733030461545034,0.006242712681897484,0.0008123775748317795,0.00018724415376534262,0.057330310344696045,0.006242712959647179
slapback_delay,slapback_delay_delay_seconds,0.06630294826540453,0.01777918568876558,0.0017285737248215606,0.0008658538669957625,0.06435730308294296,0.013546719215810299
slapback_delay,slapback_delay_mix,0.06241165355050871,0.009314253494819628,0.001099944080649616,0.0004610459466593021,0.06435730308294296,0.013546719215810299
vibrato,vibrato_depth,0.12534990183020064,0.03087137905133655,0.001839677134331871,0.000979100035547952,0.10711976140737534,0.02758650854229927
vibrato,vibrato_rate_hz,0.0888896394033249,0.024301633371156785,0.001913528374819067,0.0011025493850338696,0.10711976140737534,0.02758650854229927
